date,actual_eod,predicted_eod,pred_std,prev_eod,decision,cash,btc_available,btc_locked,btc_total,portfolio_value
2024-05-29,67572.65,68644.67283846141,0.27537817,68327.35,HOLD,10000.0,0.0,0.0,0.0,10000.0
2024-05-30,68359.555,67870.54259071946,0.22253697,67572.65,BUY,9440.838520182348,0.004089856054633856,0.004089856054633856,0.008179712109267712,10000.0
2024-05-31,67494.787,68698.49211704731,0.29866037,68359.555,HOLD,9440.838520182348,0.004089856054633856,0.004089856054633856,0.008179712109267712,9992.926446718693
2024-06-01,67733.3915,67853.84000019681,0.29828593,67494.787,BUY,8919.124557529705,0.007941087707877159,0.007941087707877159,0.015882175415754318,9994.878162836667
2024-06-02,67764.61,68063.96753614348,0.28842694,67733.3915,HOLD,8919.124557529705,0.007941087707877159,0.007941087707877159,0.015882175415754318,9995.373980529885
2024-06-03,68798.585,68130.26841098428,0.29025516,67764.61,BUY,8385.907660444964,0.011816290207207203,0.011816290207207203,0.023632580414414406,10011.795752855389
2024-06-04,70571.5085,69066.34530100346,0.2155246,68798.585,HOLD,8385.907660444964,0.011816290207207203,0.011816290207207203,0.023632580414414406,10053.694510037743
2024-06-05,71119.275,70893.19635834586,0.28340417,70571.5085,BUY,7831.762086070083,0.015712179243564606,0.015712179243564606,0.03142435848712921,10066.639679014808
2024-06-06,70774.415,71436.16860868334,0.3072193,71119.275,HOLD,7831.762086070083,0.015712179243564606,0.015712179243564606,0.03142435848712921,10055.802674746938
2024-06-07,69341.292,71110.97407973825,0.29087695,70774.415,SELL,8368.926284546065,0.007965507917106152,0.015712179243564606,0.023677688091993332,10010.767768417898
2024-06-08,69305.627,69645.3366522646,0.23275365,69341.292,BUY,7806.724503828857,0.012021468952298164,0.019768139347434044,0.03178960829973221,10009.923239126201
2024-06-09,69659.9835,69629.70729135489,0.2504998,69305.627,HOLD,7806.724503828857,0.012021468952298164,0.019768139347434044,0.03178960829973221,10021.188093459667
2024-06-10,69506.635,69940.08137123859,0.24543379,69659.9835,BUY,7248.632757954218,0.016036134213209152,0.023782804608345032,0.039818938821554184,10016.313204711314
2024-06-11,67318.9745,69867.61575633168,0.28380153,69506.635,HOLD,7248.632757954218,0.016036134213209152,0.023782804608345032,0.039818938821554184,9929.202885099483
2024-06-12,68247.6,67627.52953684884,0.2545447,67318.9745,BUY,6704.629872171499,0.020021643489599228,0.027768313884735107,0.047789957374334335,9966.179767072119
2024-06-13,66774.05,68606.26444659234,0.27354547,68247.6,HOLD,6704.629872171499,0.020021643489599228,0.027768313884735107,0.047789957374334335,9895.75887538317
2024-06-14,66035.843,67057.81118354798,0.24765468,66774.05,HOLD,6704.629872171499,0.020021643489599228,0.027768313884735107,0.047789957374334335,9860.479994319734
2024-06-15,66195.0115,66309.24841639721,0.2806457,66035.843,BUY,6187.742119710861,0.02392592281103134,0.03167259320616722,0.05559851601719856,9868.086526852254
2024-06-16,66641.854,66458.2178160637,0.27473208,66195.0115,HOLD,6187.742119710861,0.02392592281103134,0.03167259320616722,0.05559851601719856,9892.93030674567
2024-06-17,66502.7205,66899.48855929995,0.26181984,66641.854,BUY,5660.703969231649,0.027888454496860504,0.035635124891996384,0.06352357566356659,9885.19456674642
2024-06-18,65148.849,66857.63758446317,0.35970205,66502.7205,HOLD,5660.703969231649,0.027888454496860504,0.035635124891996384,0.06352357566356659,9799.191808077423
2024-06-21,64125.43,65118.129121515274,0.27713528,64823.408,HOLD,5660.703969231649,0.027888454496860504,0.035635124891996384,0.06352357566356659,9734.180573795393
2024-06-22,64250.281141439,64424.95844663739,0.30542302,64125.43,BUY,5168.52421927361,0.03171863034367561,0.03946530073881149,0.0711839348077774,9742.112043427172
2024-06-23,63173.6114392055,64573.33215991354,0.25055227,64250.281141439,HOLD,5168.52421927361,0.03171863034367561,0.03946530073881149,0.0711839348077774,9665.470457533875
2024-06-24,60258.49,63444.97921733989,0.21433102,63173.6114392055,SELL,5664.752047075919,0.023483645170927048,0.03946530073881149,0.06294894218444824,9457.96025020807
2024-06-25,61776.8735,60522.557930089235,0.286151,60258.49,BUY,5184.42837976759,0.02737121284008026,0.043352868407964706,0.07072408497333527,9553.541230568573
2024-06-26,60815.1605,62013.542490095795,0.28428584,61776.8735,HOLD,5184.42837976759,0.02737121284008026,0.043352868407964706,0.07072408497333527,9485.524958636612
2024-06-27,61614.05,61143.09488077652,0.30655506,60815.1605,BUY,4712.852024281716,0.03119806945323944,0.047179725021123886,0.07837779819965363,9542.025601445084
2024-06-28,60330.11,61954.6728505075,0.32253736,61614.05,HOLD,4712.852024281716,0.03119806945323944,0.047179725021123886,0.07837779819965363,9441.393211224622
2024-06-29,60909.715,60563.97651479959,0.23654139,60330.11,BUY,4220.270741815979,0.03524160385131836,0.0512232631444931,0.08646486699581146,9486.82114804376
2024-06-30,62669.7615,61236.358519281144,0.2870937,60909.715,HOLD,4220.270741815979,0.03524160385131836,0.0512232631444931,0.08646486699581146,9639.003334572706
2024-07-01,62857.9925,62943.18595863944,0.31336266,62669.7615,BUY,3741.667279275782,0.03904862701892853,0.05503028631210327,0.0940789133310318,9655.27890784593
2024-07-02,62040.1365,63152.814682048855,0.3207393,62857.9925,HOLD,3741.667279275782,0.03904862701892853,0.05503028631210327,0.0940789133310318,9578.335904104664
2024-07-03,60146.544,62281.79297746772,0.20492522,62040.1365,SELL,4240.839670264356,0.030749358236789703,0.05503028631210327,0.08577964454889297,9400.188835428708
2024-07-04,57040.63,60383.22658398056,0.24534334,60146.544,SELL,4698.870996847029,0.02271944470703602,0.05503028631210327,0.07774972915649414,9133.764530262823
2024-07-05,56655.6365,57328.78397948146,0.26132762,57040.63,HOLD,4698.870996847029,0.02271944470703602,0.05503028631210327,0.07774972915649414,9103.831389910814
2024-07-06,58251.55,56939.623569553376,0.31568307,56655.6365,BUY,4256.123430858462,0.02651975117623806,0.05883059278130531,0.08535034209489822,9227.91315091653
2024-07-07,55839.715,58518.75996427536,0.2819033,58251.55,HOLD,4256.123430858462,0.02651975117623806,0.05883059278130531,0.08535034209489822,9022.062208590081
2024-07-08,56745.2735,56073.76816103875,0.26340526,55839.715,BUY,3806.97801346403,0.030477309599518776,0.06278815120458603,0.09326545894145966,9099.351989200179
2024-07-09,58040.49,56996.37410600281,0.21876031,56745.2735,HOLD,3806.97801346403,0.030477309599518776,0.06278815120458603,0.09326545894145966,9220.150950501229
2024-07-10,57732.6435,58294.37452292204,0.31509182,58040.49,HOLD,3806.97801346403,0.030477309599518776,0.06278815120458603,0.09326545894145966,9191.439505395207
2024-07-11,57338.3225,57958.25799041569,0.27955133,57732.6435,HOLD,3806.97801346403,0.030477309599518776,0.06278815120458603,0.09326545894145966,9154.662976359952
2024-07-12,57905.33,57594.87717471064,0.24928282,57338.3225,BUY,3343.469429825418,0.03447960689663887,0.06679044663906097,0.10127004981040955,9207.54508321362
2024-07-13,59223.66,58188.4229146564,0.22911382,57905.33,HOLD,3343.469429825418,0.03447960689663887,0.06679044663906097,0.10127004981040955,9341.052427980178
2024-07-14,60830.535,59477.778015532494,0.24550828,59223.66,BUY,2855.0701913620014,0.03849403187632561,0.07080487161874771,0.10929889976978302,9503.78073926928
2024-07-15,64767.555,61145.45595875502,0.32963955,60830.535,HOLD,2855.0701913620014,0.03849403187632561,0.07080487161874771,0.10929889976978302,9934.09269364091
2024-07-16,65098.35,65081.72590660393,0.2702724,64767.555,BUY,2342.594677972248,0.042430195957422256,0.07474103569984436,0.11717122793197632,9970.248283817818
2024-07-17,64108.6305,65396.60268811583,0.2615421,65098.35,HOLD,2342.594677972248,0.042430195957422256,0.07474103569984436,0.11717122793197632,9854.281634694597
2024-07-18,63984.333,64354.19430691838,0.2839908,64108.6305,BUY,1844.2707678810314,0.04632430523633957,0.07863514125347137,0.12495944648981094,9839.717603580775
2024-07-19,66720.39,64290.34175087106,0.24215466,63984.333,HOLD,1844.2707678810314,0.04632430523633957,0.07863514125347137,0.12495944648981094,10181.613771865348
2024-07-20,67190.35,67050.43633229255,0.23444125,66720.39,BUY,1299.9731010702524,0.05037472024559975,0.08268555998802185,0.1330602765083313,10240.33965076181
2024-07-21,68157.5805,67477.77858287693,0.24564236,67190.35,HOLD,1299.9731010702524,0.05037472024559975,0.08268555998802185,0.1330602765083313,10369.039608539102
2024-07-22,67576.695,68448.31797432607,0.24278368,68157.5805,HOLD,1299.9731010702524,0.05037472024559975,0.08268555998802185,0.1330602765083313,10291.746823289423
2024-07-23,65948.405,67874.79070572139,0.3930684,67576.695,SELL,1773.3770203901843,0.04319632053375244,0.08268555998802185,0.1258818805217743,10075.086259201766
2024-07-24,65384.82,66220.19839619398,0.31244427,65948.405,HOLD,1773.3770203901843,0.04319632053375244,0.08268555998802185,0.1258818805217743,10004.141119567903
2024-07-25,65786.02,65728.51750474691,0.26484072,65384.82,BUY,1253.2639764012038,0.04714938625693321,0.08663862943649292,0.13378801941871643,10054.645297641271
2024-07-26,67926.2045,66133.00277174235,0.35778308,65786.02,HOLD,1253.2639764012038,0.04714938625693321,0.08663862943649292,0.13378801941871643,10340.976343086908
2024-07-27,67886.09,68284.2892520112,0.31158596,67926.2045,BUY,735.6761904017362,0.05096156522631645,0.09045080840587616,0.1414123773574829,10335.609566805782
2024-07-28,68257.6,68205.4260699892,0.31888923,67886.09,LIQUIDATE BTC,2500.0,0.025113545231498825,0.09045080840587616,0.11556435363737498,10388.145424838487
2024-07-29,66787.975,68504.58053989412,0.23317294,68257.6,SELL,3041.5945464347724,0.017004382669903385,0.09045080840587616,0.10745519107577954,10218.30916162416
2024-07-30,66177.15,67085.49752552212,0.22980629,66787.975,HOLD,3041.5945464347724,0.017004382669903385,0.09045080840587616,0.10745519107577954,10152.672844535296
2024-07-31,64624.48,66540.21438413858,0.30764905,66177.15,SELL,3535.7981237471527,0.009357070423640357,0.09045080840587616,0.09980787882951651,9985.830393007667
2024-08-01,65312.7225,64893.058916339876,0.28281835,64624.48,BUY,3026.663494335561,0.01325473851894592,0.0943484753370285,0.10760321385597442,10054.522341018974
2024-08-02,61409.935,65617.275109123,0.23322256,65312.7225,HOLD,3026.663494335561,0.01325473851894592,0.0943484753370285,0.10760321385597442,9634.56986302205
2024-08-03,60643.749,61639.788289023636,0.29953042,61409.935,HOLD,3026.663494335561,0.01325473851894592,0.0943484753370285,0.10760321385597442,9552.125787010596
2024-08-04,58138.215,60953.083442134026,0.30928642,60643.749,SELL,3470.7085584389315,0.005616990024201619,0.0943484753370285,0.09996546536123012,9282.52227618518
2024-08-05,54022.067,58428.55233639479,0.32965168,58138.215,HOLD,3470.7085584389315,0.005616990024201619,0.0943484753370285,0.09996546536123012,8871.049625869484
2024-08-06,56078.1425,54294.4761332078,0.3112259,54022.067,BUY,3043.03134765476,0.009430215567328083,0.09816169738769531,0.10759191295502339,9076.585974194157
2024-08-07,55131.265,56363.566776850224,0.25399747,56078.1425,HOLD,3043.03134765476,0.009430215567328083,0.09816169738769531,0.10759191295502339,8974.709612635088
2024-08-08,61707.528,55374.81606572747,0.29262692,55131.265,BUY,2565.65051772248,0.013298307884462224,0.10202979296445847,0.11532810084892069,9682.262530044078
2024-08-09,60874.653,62107.61214183426,0.34187335,61707.528,HOLD,2565.65051772248,0.013298307884462224,0.10202979296445847,0.11532810084892069,9586.208638049531
2024-08-10,60938.479,61143.85940496504,0.25526115,60874.653,BUY,2080.1860113022203,0.017281542405463802,0.10601302981376648,0.12329457221923028,9593.569711297769
2024-08-11,58737.482,61245.01627035081,0.2872111,60938.479,HOLD,2080.1860113022203,0.017281542405463802,0.10601302981376648,0.12329457221923028,9322.198727726958
2024-08-12,59354.834,58995.94179876328,0.3479504,58737.482,BUY,1639.852099183115,0.020990877285577404,0.10972236096858978,0.1307132382541672,9398.31465736166
2024-08-13,60599.315,59653.92869938445,0.2675751,59354.834,HOLD,1639.852099183115,0.020990877285577404,0.10972236096858978,0.1307132382541672,9560.984798817444
2024-08-14,58701.26,60825.13005627454,0.20500743,60599.315,SELL,2126.9964491995115,0.01269217381624137,0.10972236096858978,0.12241453478483115,9312.883883382929
2024-08-15,57544.64,58960.477116138936,0.2585788,58701.26,SELL,2584.215635845556,0.004746704235650646,0.10972236096858978,0.11446906520424042,9171.296784160098
2024-08-16,58913.05,57814.66449802399,0.3201177,57544.64,BUY,2137.944443743212,0.008534245299153077,0.113509900867939,0.12204414616709207,9327.937329092416
2024-08-17,59504.63,59177.935843616724,0.28324106,58913.05,HOLD,2137.944443743212,0.008534245299153077,0.113509900867939,0.12204414616709207,9400.136205081944
2024-08-18,58436.376,59777.31141291499,0.26725549,59504.63,HOLD,2137.944443743212,0.008534245299153077,0.113509900867939,0.12204414616709207,9269.762057762364
2024-08-19,59457.5,58741.61218307018,0.2471516,58436.376,BUY,1661.1980918217469,0.012543380832277285,0.11751903593540192,0.1300624167676792,9394.384236786034
2024-08-20,59030.63,59690.237835645676,0.32238147,59457.5,HOLD,1661.1980918217469,0.012543380832277285,0.11751903593540192,0.1300624167676792,9338.864492940414
2024-08-21,61173.4,59312.06775656461,0.23204118,59030.63,BUY,1164.677326401325,0.01660168693771218,0.12157734483480453,0.13817903177251672,9617.5585086342
2024-08-22,60380.2845,61426.38924360275,0.32803297,61173.4,HOLD,1164.677326401325,0.01660168693771218,0.12157734483480453,0.13817903177251672,9507.966576760424
2024-08-23,64082.085,60641.97821647436,0.18570426,60380.2845,BUY,624.2214676221386,0.020818589827023493,0.12579424679279327,0.14661283661981678,10019.47772598435
2024-08-24,64186.06,64331.771592605706,0.22457393,64082.085,LIQUIDATE BTC,1960.484723374858,0.0,0.12579424679279327,0.12579424679279327,10034.721795671894
2024-08-25,64268.551,64446.932784810066,0.2674784,64186.06,BUY,1453.4264455025332,0.00394483981654048,0.12973909080028534,0.13368393061682582,10045.098958230465
2024-08-26,62849.9,64581.86429263985,0.23504919,64268.551,HOLD,1453.4264455025332,0.00394483981654048,0.12973909080028534,0.13368393061682582,9855.448116376974
2024-08-27,59433.4935,63126.36557211876,0.27369136,62849.9,HOLD,1453.4264455025332,0.00394483981654048,0.12973909080028534,0.13368393061682582,9398.7294668721
2024-08-28,59048.7,59682.935958826834,0.23549113,59433.4935,HOLD,1453.4264455025332,0.00394483981654048,0.12973909080028534,0.13368393061682582,9347.288759316296
2024-08-29,59381.883,59339.93794004917,0.26859024,59048.7,BUY,985.3329872043446,0.007886222563683987,0.13368047773838043,0.14156670030206442,9391.830221237598
2024-08-30,59120.241,59611.48621606457,0.25454736,59381.883,LIQUIDATE BTC,1451.5683657489797,0.0,0.13368047773838043,0.13368047773838043,9354.790426637166
2024-08-31,58975.958,59401.51398573375,0.18225147,59120.241,BUY,952.7239170144169,0.004229218699038029,0.1379096955060959,0.14213891420513391,9335.502551341997
2024-09-01,57328.51,59212.45638580632,0.2893586,58975.958,LIQUIDATE BTC,1195.1787234944054,0.0,0.1379096955060959,0.1379096955060959,9101.336081412579
2024-09-02,59129.359,57638.9964199543,0.25526407,57328.51,BUY,724.1275618490452,0.0039832256734371185,0.1418929249048233,0.14587615057826042,9349.690838929064
2024-09-03,57465.365,59396.86682768833,0.3115359,59129.359,LIQUIDATE BTC,953.0250790504799,0.035473231226205826,0.10641969740390778,0.1418929286301136,9106.954013698907
2024-09-04,57958.756,57674.44622124254,0.23802556,57465.365,BUY,2031.8452510557995,0.012820958522536691,0.1104583889245987,0.12327934744713538,9176.962869583542
2024-09-05,56177.055,58195.5972252574,0.24467252,57958.756,HOLD,2031.8452510557995,0.012820958522536691,0.1104583889245987,0.12327934744713538,8957.315932957634
2024-09-06,53953.044,56472.68641977489,0.27662906,56177.055,SELL,2454.466393591598,0.0049878297275089585,0.1104583889245987,0.11544621865210765,8683.141308162383
2024-09-07,54158.2015,54213.29647245026,0.24621683,53953.044,BUY,2019.8855200200599,0.0089999725012266,0.11447053402662277,0.12347050652784937,8706.826091862393
2024-09-08,54872.0175,54422.0260518322,0.29130733,54158.2015,HOLD,2019.8855200200599,0.0089999725012266,0.11447053402662277,0.12347050652784937,8794.961314950075
2024-09-09,57042.145,55154.7501312545,0.24081951,54872.0175,BUY,1560.1720551435114,0.013029567328669962,0.11850012838840485,0.13152969571707482,9062.908030042772
2024-09-10,57658.1815,57350.964891831274,0.29320022,57042.145,HOLD,1560.1720551435114,0.013029567328669962,0.11850012838840485,0.13152969571707482,9143.935123438383
2024-09-11,57327.4005,57895.883975883306,0.21696828,57658.1815,HOLD,1560.1720551435114,0.013029567328669962,0.11850012838840485,0.13152969571707482,9100.427599159395
2024-09-12,58149.945,57578.951685250824,0.24615018,57327.4005,BUY,1093.5353258155124,0.017041924772241052,0.12251248955726624,0.1395544143295073,9208.616843583573
2024-09-13,60561.881,58418.60905229151,0.24428473,58149.945,HOLD,1093.5353258155124,0.017041924772241052,0.12251248955726624,0.1395544143295073,9545.213159463829
2024-09-14,60022.779,60790.66096528256,0.26810217,60561.881,HOLD,1093.5353258155124,0.017041924772241052,0.12251248955726624,0.1395544143295073,9469.979095589963
2024-09-15,59152.31,60303.17983211089,0.31888002,60022.779,HOLD,1093.5353258155124,0.017041924772241052,0.12251248955726624,0.1395544143295073,9348.501304102969
2024-09-16,58198.574,59412.87720723152,0.25040233,59152.31,HOLD,1093.5353258155124,0.017041924772241052,0.12251248955726624,0.1395544143295073,9215.403235198004
2024-09-17,60295.6695,58490.98190586209,0.36729246,58198.574,BUY,652.5494040840013,0.02069878707585567,0.126169353723526,0.14686814079938168,9508.062281802984
2024-09-18,61762.3675,60551.38281240321,0.23495166,60295.6695,LIQUIDATE BTC,1930.9554982672494,0.0,0.126169353723526,0.126169353723526,9723.473490177155
2024-09-19,62940.015,62068.565302971605,0.30750072,61762.3675,BUY,1449.5789779254749,0.003824089653789997,0.12999343872070312,0.13381752837449312,9872.056221078998
2024-09-20,63213.34,63202.36610336423,0.30551115,62940.015,HOLD,1449.5789779254749,0.003824089653789997,0.12999343872070312,0.13381752837449312,9908.631897021956
2024-09-21,63383.3305,63489.83687186241,0.23363411,63213.34,BUY,935.7853909185615,0.00787715520709753,0.1340465098619461,0.14192366506904364,9931.37995976106
2024-09-22,63596.83,63655.674703536744,0.20786035,63383.3305,LIQUIDATE BTC,1436.7474915079579,0.0,0.1340465098619461,0.1340465098619461,9961.680591291468
2024-09-23,63328.94,63854.54225001693,0.21507671,63596.83,HOLD,1436.7474915079579,0.0,0.1340465098619461,0.1340465098619461,9925.770871764551
2024-09-24,64282.15,63635.51350116492,0.3059995,63328.94,BUY,944.5409635442813,0.0038284852635115385,0.13787499070167542,0.14170347596518695,10053.545061059824
2024-09-25,63123.135,64598.46452890635,0.2935632,64282.15,LIQUIDATE BTC,1186.2069556784309,0.0,0.13787499070167542,0.13787499070167542,9889.308606864033
2024-09-26,65178.385,63437.313124966626,0.21574585,63123.135,BUY,650.0884855402918,0.0041127013973891735,0.14198769629001617,0.14610039768740535,10172.676454663108
2024-09-27,65789.7655,65498.200576670766,0.34612572,65178.385,LIQUIDATE BTC,920.6621460460478,0.035496924072504044,0.10649077594280243,0.14198770001530647,10261.999633937407
2024-09-28,65874.8035,66108.72234875482,0.28217843,65789.7655,BUY,1986.2274983882494,0.01542169753846092,0.11039038747549057,0.1258120850139515,10274.073876607597
2024-09-29,65600.195,66179.49557475185,0.2530603,65874.8035,HOLD,1986.2274983882494,0.01542169753846092,0.11039038747549057,0.1258120850139515,10239.524808660046
2024-09-30,63321.7,65899.08905406654,0.28870532,65600.195,SELL,2477.586490175599,0.007661972329135368,0.11039038747549057,0.11805235980462594,9952.862602016181
2024-10-01,60798.113,63578.31244291067,0.2167449,63321.7,HOLD,2477.586490175599,0.007661972329135368,0.11039038747549057,0.11805235980462594,9654.947201493906
2024-10-02,60638.6975,61104.96611653542,0.2871111,60798.113,BUY,2006.4640186681977,0.011546640791113803,0.11427505314350128,0.1258216939346151,9636.127656106908
2024-10-03,60760.54,60956.29026088029,0.2537643,60638.6975,HOLD,2006.4640186681977,0.011546640791113803,0.11427505314350128,0.1258216939346151,9651.458085850136
2024-10-04,62076.61,61028.727493567465,0.2824464,60760.54,BUY,1522.4156322418717,0.015445439279194305,0.11817385256290436,0.13361929184209867,9817.048300400013
2024-10-05,62093.7105,62314.05728387237,0.23425525,62076.61,HOLD,1522.4156322418717,0.015445439279194305,0.11817385256290436,0.13361929184209867,9819.333257100157
2024-10-06,62825.18,62345.953467213214,0.28751996,62093.7105,BUY,1034.4606065951014,0.019328874437253306,0.12205728888511658,0.1413861633223699,9917.071766832387
2024-10-07,62218.5435,63101.70159881115,0.21814957,62825.18,HOLD,1034.4606065951014,0.019328874437253306,0.12205728888511658,0.1413861633223699,9831.301759566077
2024-10-08,62148.5625,62497.62402638465,0.24851929,62218.5435,BUY,536.6824557603761,0.023333618318776915,0.1260620355606079,0.14939565387938483,9821.407588111691
2024-10-09,60585.4605,62440.63512747735,0.29055253,62148.5625,LIQUIDATE BTC,1950.3604667347113,0.0,0.1260620355606079,0.1260620355606079,9587.886942741517
2024-10-10,60276.995,60848.13013635975,0.27278528,60585.4605,HOLD,1950.3604667347113,0.0,0.1260620355606079,0.1260620355606079,9549.001153911297
2024-10-11,62505.5685,60498.89282650411,0.2015846,60276.995,BUY,1430.167671875965,0.004161171615123749,0.13022321462631226,0.134384386241436,9829.9401314205
2024-10-12,63206.678,62782.14379015339,0.298354,62505.5685,HOLD,1430.167671875965,0.004161171615123749,0.13022321462631226,0.134384386241436,9924.15830126604
2024-10-13,62859.863,63457.565007399324,0.27051532,63206.678,HOLD,1430.167671875965,0.004161171615123749,0.13022321462631226,0.134384386241436,9877.551780351716
2024-10-14,66072.912,63122.06734501564,0.2926117,62859.863,BUY,919.0094564063364,0.00802930910140276,0.1340913474559784,0.14212065655738115,10309.335090504404
2024-10-15,67082.515,66342.72167528344,0.2549029,66072.912,LIQUIDATE BTC,1457.6357046408234,0.0,0.1340913474559784,0.1340913474559784,10452.820531726706
2024-10-16,67622.1,67377.8709886229,0.23881605,67082.515,BUY,911.7749989332286,0.004036111757159233,0.13812746107578278,0.142163572832942,10525.174337399716
2024-10-17,67424.6685,67903.54006458522,0.29226348,67622.1,LIQUIDATE BTC,1183.9084961886424,0.0,0.13812746107578278,0.13812746107578278,10497.106769969949
2024-10-18,68432.8,67726.32138553298,0.22931279,67424.6685,BUY,627.2332721765059,0.004067312926054001,0.14219477772712708,0.14626209065318108,10636.357669427516
2024-10-19,68374.019,68806.1184091568,0.24433403,68432.8,LIQUIDATE BTC,905.3318034614678,0.03554869443178177,0.1066460832953453,0.14219477772712708,10627.76023747683
2024-10-20,69015.8065,68662.70468002486,0.31097046,68374.019,BUY,1973.5517752255987,0.016256822733501583,0.11046005040407181,0.1267168731375734,10719.018971973413
2024-10-21,67344.2315,69307.5639083928,0.24692765,69015.8065,HOLD,1973.5517752255987,0.016256822733501583,0.11046005040407181,0.1267168731375734,10507.202214758472
2024-10-22,67379.748,67683.38483794939,0.28792605,67344.2315,BUY,1450.3870804504381,0.02013903296954432,0.11434225738048553,0.13448129035002987,10511.702534950284
2024-10-23,66617.595,67704.72649754478,0.2225922,67379.748,HOLD,1450.3870804504381,0.02013903296954432,0.11434225738048553,0.13448129035002987,10409.207216066137
2024-10-24,68184.14,66913.7946863258,0.28831303,66617.595,BUY,921.1357555406431,0.02402007718972364,0.11822330206632614,0.1422433792560498,10619.878240808239
2024-10-25,66580.1,68453.02841811895,0.30816373,68184.14,LIQUIDATE BTC,2500.0,0.00030632121069451915,0.11822330206632614,0.11852962327702066,10391.714170746363
2024-10-26,67017.6,66899.92006186247,0.31782532,66580.1,BUY,1991.4530973643064,0.004100450682920424,0.12201742827892303,0.12611787896184345,10443.570662477547
2024-10-27,67922.997,67284.49254798889,0.26872274,67017.6,HOLD,1991.4530973643064,0.004100450682920424,0.12201742827892303,0.12611787896184345,10557.757411735964
2024-10-28,69915.107,68268.68445028031,0.27498782,67922.997,BUY,1443.094075461668,0.008022056795191971,0.1259390413761139,0.13396109817130586,10808.998587946022
2024-10-29,72737.35,70155.85824034906,0.27540538,69915.107,HOLD,1443.094075461668,0.07099157748324891,0.06296952068805695,0.13396109817130586,11187.069359532303
2024-10-30,72346.54,73155.16058427692,0.29121053,72737.35,HOLD,1443.094075461668,0.07099157748324891,0.06296952068805695,0.13396109817130586,11134.716022755973
2024-10-31,70209.7145,72632.2656973028,0.21453826,72346.54,SELL,2021.1714937987267,0.0627579958136203,0.06296952068805695,0.12572751650167724,10848.464532175525
2024-11-01,69496.621,70503.0456300375,0.27391237,70209.7145,HOLD,2021.1714937987267,0.0627579958136203,0.06296952068805695,0.12572751650167724,10758.809057387036
2024-11-02,69345.85,69834.08764045023,0.29324487,69496.621,BUY,1484.9555582083524,0.06662423968827447,0.06683576107025146,0.13346000075852593,10739.852751808978
2024-11-03,68761.264,69628.17329716682,0.28909898,69345.85,HOLD,1484.9555582083524,0.06662423968827447,0.06683576107025146,0.13346000075852593,10661.833903805553
2024-11-04,67808.953,69078.09372623444,0.3668902,68761.264,HOLD,1484.9555582083524,0.06662423968827447,0.06683576107025146,0.13346000075852593,10534.7384770232
2024-11-05,69373.65,68084.34021690224,0.24097393,67808.953,BUY,925.9297399649159,0.0706533329985114,0.07086485624313354,0.14151818924164494,10743.563069048558
2024-11-06,75659.162,69667.8463940978,0.29526478,69373.65,LIQUIDATE BTC,2500.0,0.04984857890891305,0.07086485624313354,0.12071343515204659,11633.077345745187
2024-11-07,75915.16,76063.64040440893,0.34374636,75659.162,BUY,1935.048510676529,0.05356951876679829,0.07458579540252686,0.12815531416932513,11663.979690691114
2024-11-08,76583.045,76312.40063255787,0.31810522,75915.16,HOLD,1935.048510676529,0.05356951876679829,0.07458579540252686,0.12815531416932513,11749.572702695092
2024-11-09,76723.2905,76886.84438941776,0.22238317,76583.045,BUY,1307.3951254944668,0.05765988937715462,0.07867616415023804,0.13633605352739264,11767.545765900162
2024-11-10,80426.4,77085.22111490846,0.34819233,76723.2905,HOLD,1307.3951254944668,0.05765988937715462,0.07867616415023804,0.13633605352739264,12272.413100909958
2024-11-11,88788.747,80770.6610198021,0.22208335,80426.4,BUY,84.9980085055613,0.10388171042985435,0.04622182105269973,0.15010353148255406,13412.50248911659
2024-11-12,88035.95,89140.43630251229,0.2772022,88788.747,LIQUIDATE BTC,2500.0,0.07644971257563185,0.04622182105269973,0.12267153362833158,13299.505000927118
2024-11-13,90547.084,88487.12777901291,0.24508947,88035.95,BUY,1772.7664955293685,0.08046548797305178,0.05023759645011966,0.13070308442317144,13607.549659853365
2024-11-14,87325.1355,90936.61980467605,0.28916213,90547.084,HOLD,1772.7664955293685,0.08046548797305178,0.05023759645011966,0.13070308442317144,13186.431053050754
2024-11-15,91052.197,87728.79239446306,0.2878279,87325.1355,BUY,1065.7450633709761,0.0843479941368426,0.05412010261391048,0.13846809675075308,13673.569486935605
2024-11-16,90628.925,91425.33416128696,0.27628142,91052.197,HOLD,1065.7450633709761,0.0843479941368426,0.05412010261391048,0.13846809675075308,13614.959818687721
2024-11-17,89849.278,91057.63097516597,0.23223831,90628.925,HOLD,1065.7450633709761,0.0843479941368426,0.05412010261391048,0.13846809675075308,13507.003582460287
2024-11-18,90498.25,90243.75929042864,0.35211912,89849.278,BUY,396.4382983498019,0.08804589307423186,0.057818001551299736,0.1458638946255316,13596.865500144817
2024-11-19,92424.43,90871.06972450018,0.18026239,90498.25,LIQUIDATE BTC,2500.0,0.06528609134594207,0.057818001551299736,0.1231040928972418,13877.825616694621
2024-11-20,94393.204,92740.75249180078,0.23521051,92424.43,BUY,1735.8128228784203,0.06933398433367019,0.061865894539027855,0.13119987887269804,14120.189754084297
2024-11-21,98477.4,94793.8959385476,0.221396,94393.204,HOLD,1735.8128228784203,0.06933398433367019,0.061865894539027855,0.13119987887269804,14656.035774576654
2024-11-22,99035.65,98933.64085350036,0.3260736,98477.4,BUY,988.9791381030707,0.0731045138590247,0.06563642406438236,0.13874093792340705,14729.278106957338
2024-11-23,97785.0185,99512.10351017118,0.25679818,99035.65,LIQUIDATE BTC,2500.0,0.05765203570771229,0.06563642406438236,0.12328845977209466,14555.764319650782
2024-11-24,98050.735,98167.02619916339,0.3460169,97785.0185,BUY,1771.5489927661301,0.0613666993827672,0.06935108773943727,0.13071778712220447,14588.524097671812
2024-11-25,93064.355,98475.07642630576,0.28866607,98050.735,HOLD,1771.5489927661301,0.0613666993827672,0.06935108773943727,0.13071778712220447,13936.715538321394
2024-11-26,91949.978,93459.52811156987,0.24018979,93064.355,HOLD,1771.5489927661301,0.0613666993827672,0.06935108773943727,0.13071778712220447,13791.046642861515
2024-11-27,95969.65,92401.86820550585,0.31154853,91949.978,BUY,1039.821159981184,0.06517898708406103,0.0731633754407311,0.13834236252479212,14316.4892716586
2024-11-28,95676.25,96398.96521962881,0.23426883,95969.65,HOLD,1039.821159981184,0.06517898708406103,0.0731633754407311,0.13834236252479212,14275.899622493826
2024-11-29,97525.44,96038.30612182617,0.22523184,95676.25,BUY,243.84574587582836,0.06925984749394667,0.07724423585061674,0.1465040833445634,14531.720935851046
2024-11-30,96473.678,97942.7879372406,0.28490815,97525.44,LIQUIDATE BTC,2500.0,0.045873631679471644,0.07724423585061674,0.12311786753008838,14377.633508144401
2024-12-01,97278.339,96886.57105538607,0.27769643,96473.678,BUY,1738.6427797738947,0.049786924340780886,0.08115752851192598,0.13094445285270687,14476.701654549031
2024-12-02,95875.05,97711.3516259637,0.23602071,97278.339,HOLD,1738.6427797738947,0.049786924340780886,0.08115752851192598,0.13094445285270687,14292.948744249808
2024-12-03,96001.5745,96331.56639963985,0.3599258,95875.05,BUY,1032.7103119623243,0.05346359564272693,0.08483419981387202,0.13829779545659895,14309.51642567477
2024-12-04,98782.569,96374.3490158897,0.2280186,96001.5745,HOLD,1032.7103119623243,0.05346359564272693,0.08483419981387202,0.13829779545659895,14694.121834201698
2024-12-05,97090.055,99193.15581408441,0.18718801,98782.569,SELL,1850.5256712834816,0.045040329641681226,0.08483419981387202,0.12987452945555325,14460.050879222266
2024-12-06,99942.8,97470.551449247,0.31733468,97090.055,BUY,358.8885859771781,0.09491988349880827,0.049879553857127036,0.1447994373559353,14830.54979375395
2024-12-07,99907.463,100362.42687478066,0.26021078,99942.8,LIQUIDATE BTC,2500.0,0.07348893780436278,0.049879553857127036,0.1233684916614898,14825.433016036102
2024-12-08,101252.025,100314.4122940005,0.2397327,99907.463,BUY,1683.2753807055997,0.07752206513833165,0.053912681191095914,0.13143474632942756,14991.309601921457
2024-12-09,97355.8355,101655.72430602908,0.2873795,101252.025,HOLD,1683.2753807055997,0.07752206513833165,0.053912681191095914,0.13143474632942756,14479.214923337579
2024-12-10,96694.655,97800.86843849027,0.26553255,97355.8355,HOLD,1683.2753807055997,0.07752206513833165,0.053912681191095914,0.13143474632942756,14392.312832042113
2024-12-11,101241.2025,97108.88571886062,0.38127896,96694.655,BUY,950.322764328766,0.08114189875487149,0.05753251480763575,0.13867441356250723,14989.887149379307
2024-12-12,100083.2705,101738.36842976869,0.26756263,101241.2025,LIQUIDATE BTC,2500.0,0.06565801990149975,0.05753251480763575,0.12319053470913549,14829.311608334046
2024-12-13,101468.038,100457.7323329898,0.28868848,100083.2705,BUY,1712.625559898151,0.06953793349607348,0.061412428402209486,0.13095036189828296,14999.90185710688
2024-12-14,101418.646,101797.08365783906,0.3435491,101468.038,HOLD,1712.625559898151,0.06953793349607348,0.061412428402209486,0.13095036189828296,14993.433956832
2024-12-15,104427.972,101902.48959036922,0.2537867,101418.646,BUY,879.724957195865,0.07352585256962538,0.06540034747576137,0.13892620004538675,15387.50628560191
2024-12-16,106111.455,104976.56502879523,0.30878508,104427.972,LIQUIDATE BTC,2500.0,0.058256294322552665,0.06540034747576137,0.12365664179831404,15621.386181632919
2024-12-17,106211.385,106513.999120844,0.27012548,106111.455,BUY,1663.7725796678662,0.06219291288906573,0.06933696604227443,0.13152987893134016,15633.743189847824
2024-12-18,100195.29,106684.59155619978,0.28753197,106211.385,HOLD,1663.7725796678662,0.06219291288906573,0.06933696604227443,0.13152987893134016,14842.446942858383
2024-12-19,97436.7,100590.72693852782,0.21429004,100195.29,SELL,2466.189582948908,0.053957648319544776,0.06933696604227443,0.12329461436181921,14479.609934137177
2024-12-20,97805.466,97891.63879662752,0.2839054,97436.7,BUY,1704.408683506729,0.057852016040476545,0.0732313337632062,0.13108334980368275,14525.076795896928
2024-12-21,97227.55,98360.57789004492,0.3621574,97805.466,HOLD,1704.408683506729,0.057852016040476545,0.0732313337632062,0.13108334980368275,14449.321630711784
2024-12-22,95168.425,97658.12277857661,0.28320026,97227.55,SELL,2446.0577232324786,0.050059000240060075,0.0732313337632062,0.12329033400326628,14179.404628047276
2024-12-23,94774.9395,95601.4734808296,0.27406088,95168.425,BUY,1702.1769531345972,0.05398345945903896,0.07715579298218508,0.13113925244122404,14130.891669326833
2024-12-24,98620.17,95183.19465256315,0.34719625,94774.9395,HOLD,1702.1769531345972,0.05398345945903896,0.07715579298218508,0.13113925244122404,14635.152322561025
2024-12-25,99377.9015,99047.46958281755,0.21784224,98620.17,BUY,886.160765878829,0.05808908140787719,0.08126141493102332,0.1393504963389005,14734.520665022195
2024-12-26,95700.9985,99855.59876779276,0.31485078,99377.9015,LIQUIDATE BTC,2500.0,0.04122573348657864,0.08126141493102332,0.12248714841760196,14222.142406982202
2024-12-27,94178.85,96189.59951267792,0.28058976,95700.9985,SELL,3235.4333507496863,0.03341683211700695,0.08126141493102332,0.11467824704803027,14035.698777749074
2024-12-28,95157.075,94614.78294222952,0.35202268,94178.85,BUY,2531.6206090590567,0.03711499508434611,0.08495957789836248,0.12207457298270859,14147.879905967631
2024-12-29,93559.1,95530.24564956129,0.2811502,95157.075,HOLD,2531.6206090590567,0.03711499508434611,0.08495957789836248,0.12207457298270859,13952.807790205588
2024-12-30,92689.4765,93979.49432004691,0.21539529,93559.1,HOLD,2531.6206090590567,0.03711499508434611,0.08495957789836248,0.12207457298270859,13846.64887278736
2024-12-31,93419.765,93145.6418551848,0.22437224,92689.4765,BUY,1768.6193198657757,0.04119872024247127,0.08904330305648764,0.1302420232989589,13935.798529579042
2025-01-01,94427.3005,93789.27419660329,0.32941115,93419.765,HOLD,1768.6193198657757,0.04119872024247127,0.08904330305648764,0.1302420232989589,14067.021991644568
2025-01-02,96890.3945,94839.40504360307,0.23792794,94427.3005,BUY,985.9373103071734,0.045237727481514986,0.09308231029553135,0.13832003777704632,14387.820337780095
2025-01-03,98119.2565,97310.73065549135,0.18385449,96890.3945,LIQUIDATE BTC,2500.0,0.02980688603712607,0.09308231029553135,0.12288919633265742,14557.796576042872
2025-01-04,98235.2405,98500.14871342397,0.27328208,98119.2565,BUY,1728.4879853487819,0.033733745740041024,0.0970091699984463,0.13074291573848734,14572.04975659032
2025-01-05,98313.25,98602.1204221068,0.23481378,98235.2405,HOLD,1728.4879853487819,0.033733745740041024,0.0970091699984463,0.13074291573848734,14582.248946075622
2025-01-06,102291.55,98714.59635522962,0.28641972,98313.25,BUY,933.3233418874082,0.037620501994401104,0.10089592625280638,0.1385164282472075,15102.383487758047
2025-01-07,96945.375,102735.47631980777,0.23142809,102291.55,LIQUIDATE BTC,2499.9999999999995,0.02146009559943289,0.10089592625280638,0.12235602185223927,14361.850421973531
2025-01-08,95063.995,97462.54132023454,0.2691076,96945.375,SELL,3249.0617329412835,0.0135805431680283,0.10089592625280638,0.11447646942083468,14131.652249581164
2025-01-09,92571.634,95524.55959197939,0.29091308,95063.995,SELL,3966.1637109252806,0.005834088374068444,0.10089592625280638,0.10673001462687483,13846.335561778984
2025-01-10,94710.4275,93002.73185106301,0.28789452,92571.634,BUY,3230.7740906056606,0.009716393837844436,0.10477823171658238,0.11449462555442681,14074.60902331785
2025-01-11,94531.1745,95119.38702044786,0.24796635,94710.4275,HOLD,3230.7740906056606,0.009716393837844436,0.10477823171658238,0.11449462555442681,14054.085518203341
2025-01-12,94512.89,94981.02147757547,0.24058989,94531.1745,BUY,2468.935774039359,0.013746734654670065,0.108808572533408,0.12255530718807807,14051.992041222391
2025-01-13,94511.24,94879.15160480022,0.23205648,94512.89,HOLD,2468.935774039359,0.013746734654670065,0.108808572533408,0.12255530718807807,14051.789824965532
2025-01-14,96518.83,94975.80771733285,0.18601863,94511.24,BUY,1655.1304442360747,0.01796251995689184,0.11302435783562978,0.1309868777925216,14297.830634123242
2025-01-15,100511.3465,96998.39762723923,0.23807552,96518.83,HOLD,1655.1304442360747,0.01796251995689184,0.11302435783562978,0.1309868777925216,14820.79790499337
2025-01-16,99991.895,100946.70833536977,0.22458655,100511.3465,HOLD,1655.1304442360747,0.01796251995689184,0.11302435783562978,0.1309868777925216,14752.756574843726
2025-01-17,104118.45,100520.61686835051,0.30312675,99991.895,BUY,856.1410957192054,0.021799444865574544,0.11686128274431248,0.138660727609887,15293.281130332845
2025-01-18,104455.435,104651.50328752398,0.29524586,104118.45,LIQUIDATE BTC,2500.0,0.0060620262785877135,0.11686128274431248,0.12292330902290019,15340.007715626463
2025-01-19,101228.28,105004.57076644659,0.29508764,104455.435,HOLD,2500.0,0.0060620262785877135,0.11686128274431248,0.12292330902290019,14943.315144296666
2025-01-20,102225.42,101638.449272089,0.19938146,101228.28,BUY,1647.6821804331057,0.010230841723742619,0.12103009818946739,0.13126093991321,15065.886892655762
2025-01-21,106177.01,102718.58412472486,0.25328955,102225.42,HOLD,1647.6821804331057,0.010230841723742619,0.12103009818946739,0.13126093991321,15584.576310207402
2025-01-22,103643.2415,106575.00569874285,0.25279105,106177.01,SELL,2474.980850805543,0.0022486649951959994,0.12103009818946739,0.12327876318466338,15251.99147537492
2025-01-23,103959.4605,104142.09655662012,0.26140308,103643.2415,BUY,1650.8235714627572,0.0062125047235812095,0.1249939379178526,0.1312064426414338,15290.97456259041
2025-01-24,104872.87,104455.11587246436,0.28693736,103959.4605,HOLD,1650.8235714627572,0.0062125047235812095,0.1249939379178526,0.1312064426414338,15410.8197737603
2025-01-25,104708.45,105310.95878785849,0.25438508,104872.87,BUY,816.084279975775,0.01019852157077445,0.12897995476504584,0.13917847633582028,15389.246810461196
2025-01-26,102590.64,105197.10394599437,0.2732542,104708.45,LIQUIDATE BTC,1862.357134975331,0.0,0.12897995476504584,0.12897995476504584,15094.493241492433
2025-01-27,102051.0365,103090.37234315873,0.23627828,102590.64,HOLD,1862.357134975331,0.0,0.12897995476504584,0.12897995476504584,15024.895206471374
2025-01-28,101299.715,102511.40076105893,0.26721886,102051.0365,HOLD,1862.357134975331,0.0,0.12897995476504584,0.12897995476504584,14927.989793387365
2025-01-29,103713.395,101731.23403340936,0.2266285,101299.715,BUY,1016.8412375720554,0.004076213575899601,0.13305616834094544,0.13713238191684504,15239.306130604662
2025-01-30,104740.315,104108.96838631452,0.22719711,103713.395,HOLD,1016.8412375720554,0.004076213575899601,0.13305616834094544,0.13713238191684504,15380.130116242708
2025-01-31,102408.05,105264.47805824518,0.33355966,104740.315,HOLD,1016.8412375720554,0.004076213575899601,0.13305616834094544,0.13713238191684504,15060.30106153142
2025-02-01,100646.095,102984.86536131501,0.24861051,102408.05,HOLD,1016.8412375720554,0.004076213575899601,0.13305616834094544,0.13713238191684504,14818.679975551124
2025-02-02,97714.92,101111.43547062099,0.290277,100646.095,HOLD,1016.8412375720554,0.004076213575899601,0.13305616834094544,0.13713238191684504,14416.720965986016
2025-02-03,101445.725,98217.79852422237,0.28115043,97714.92,BUY,225.00821900988103,0.007978955749422312,0.13695891051446815,0.14493786626389046,14928.335142103293
2025-02-04,97799.305,101981.65047763586,0.3394514,101445.725,LIQUIDATE BTC,1005.3445459291372,0.0,0.13695891051446815,0.13695891051446815,14399.830807801314
2025-02-05,96651.484,98217.5217850685,0.19462241,97799.305,HOLD,1005.3445459291372,0.0,0.13695891051446815,0.13695891051446815,14242.626494175687
2025-02-06,96565.618,97064.5043422246,0.25548363,96651.484,BUY,236.19378922629687,0.003982529044151306,0.14094143955861946,0.14492396860277076,14230.866380365453
2025-02-07,96562.5685,97040.11128998829,0.27161214,96565.618,LIQUIDATE BTC,620.7570228553968,0.035235359889654864,0.10570607966896459,0.14094143955861946,14230.424434723198
2025-02-08,96497.435,96973.5858071457,0.26203498,96562.5685,BUY,1735.3822938806702,0.01972267684181076,0.10966793474894329,0.12939061159075405,14221.244425469704
2025-02-09,96523.7925,96930.90576722026,0.25056043,96497.435,HOLD,1735.3822938806702,0.01972267684181076,0.10966793474894329,0.12939061159075405,14224.654838514707
2025-02-10,97387.15105,96920.50322888642,0.21222323,96523.7925,BUY,932.0059634154939,0.023847329436138688,0.11379258734327122,0.1376399167794099,14336.365329321314
2025-02-11,95759.855,97777.0429225089,0.2029236,97387.15105,LIQUIDATE BTC,2500.0,0.007473097910991683,0.11379258734327122,0.1212656852542629,14112.384436423852
2025-02-12,97880.7915,96162.94645926297,0.23304054,95759.855,BUY,1706.183516786524,0.011528114585093036,0.11784760401737257,0.1293757186024656,14369.581254477132
2025-02-13,96651.338,98305.71596709342,0.21407837,97880.7915,HOLD,1706.183516786524,0.011528114585093036,0.11784760401737257,0.1293757186024656,14210.519824426316
2025-02-14,97532.22,97038.9407657578,0.29882416,96651.338,BUY,955.2565044282069,0.015377750184274092,0.12169723961655363,0.13707498980082772,14324.484566180292
2025-02-15,97617.405,97964.49081386805,0.27396855,97532.22,LIQUIDATE BTC,2456.3925721553155,0.0,0.12169723961655363,0.12169723961655363,14336.161299186475
2025-02-16,96157.635,98068.13710571587,0.17383981,97617.405,HOLD,2456.3925721553155,0.0,0.12169723961655363,0.12169723961655363,14158.511319711419
2025-02-17,95786.315,96567.63941177845,0.26224697,96157.635,BUY,1697.536963768243,0.003961190115660429,0.12565842973221406,0.12961961984787448,14113.322700697001
2025-02-18,95585.3,96193.04619310141,0.22273362,95786.315,HOLD,1697.536963768243,0.003961190115660429,0.12565842973221406,0.12961961984787448,14087.26721281328
2025-02-19,96639.568,96021.86344400645,0.28057468,95585.3,BUY,942.8791535984045,0.007865687133744359,0.12956292675029799,0.13742861388404234,14223.921030191057
2025-02-20,98362.02,96975.30510086632,0.25338912,96639.568,LIQUIDATE BTC,1716.56402876151,0.0,0.12956292675029799,0.12956292675029799,14460.635221032855
2025-02-21,96139.486,98774.5172226119,0.2598436,98362.02,HOLD,1716.56402876151,0.0,0.12956292675029799,0.12956292675029799,14172.677211190809
2025-02-22,96565.2015,96543.2471593938,0.27260938,96139.486,BUY,957.7671089295155,0.003928935620933771,0.13349186237123176,0.13742079799216553,14227.834157333775
2025-02-23,96271.8945,97116.18645538186,0.3240118,96565.2015,LIQUIDATE BTC,1336.0131845253436,0.0,0.13349186237123176,0.13349186237123176,14187.527675337087
2025-02-24,91503.3355,96668.35033575993,0.24143402,96271.8945,HOLD,1336.0131845253436,0.0,0.13349186237123176,0.13349186237123176,13550.96385359999
2025-02-25,88616.026,91888.35685671896,0.23461549,91503.3355,HOLD,1336.0131845253436,0.0,0.13349186237123176,0.13349186237123176,13165.531531202838
2025-02-26,84117.1455,89004.74411732316,0.3170457,88616.026,HOLD,1336.0131845253436,0.0,0.13349186237123176,0.13349186237123176,12564.96759467222
2025-02-27,84651.897,84543.46658222633,0.26449066,84117.1455,BUY,666.5586533215661,0.003954161424189806,0.13744602379542156,0.14140018521961137,12636.35256831303
2025-02-28,84343.1145,85037.31373447143,0.24990116,84651.897,LIQUIDATE BTC,1000.06494307349,0.0,0.13744602379542156,0.13744602379542156,12592.690665620456
2025-03-01,86042.2245,84752.99554411447,0.22981887,84343.1145,BUY,300.43163752228236,0.004065639339387417,0.14151166313480898,0.1455773024741964,12826.226579111493
2025-03-02,94252.244,86502.29343369234,0.31619668,86042.2245,LIQUIDATE BTC,683.627268554224,0.035377915783702245,0.10613374735110673,0.14151166313480898,14021.419071182047
2025-03-03,86127.9015,94659.62957135488,0.23839632,94252.244,SELL,3195.479337106862,0.006213707381937831,0.10613374735110673,0.11234745473304455,12871.729852130235
2025-03-04,87265.08,86489.05187623197,0.23509778,86127.9015,BUY,2488.9354776481846,0.010261969639066785,0.11018200960823568,0.12044397924730246,12999.488962182375
2025-03-05,90623.1705,87610.21396729947,0.265856,87265.08,HOLD,2488.9354776481846,0.010261969639066785,0.11018200960823568,0.12044397924730246,13403.950744674938
2025-03-06,89924.975,91066.00134654396,0.24456182,90623.1705,HOLD,2488.9354776481846,0.010261969639066785,0.11018200960823568,0.12044397924730246,13319.857300362379
2025-03-07,86769.817,90327.57127832175,0.3152947,89924.975,SELL,3148.634105973404,0.0026591112819353037,0.11018200960823568,0.11284112089017098,12939.837515688418
2025-03-08,86169.645,87239.76542240345,0.29519412,86769.817,HOLD,3148.634105973404,0.0026591112819353037,0.11018200960823568,0.11284112089017098,12872.113434481522
2025-03-09,80700.3485,86551.7203032893,0.26269054,86169.645,HOLD,3148.634105973404,0.0026591112819353037,0.11018200960823568,0.11284112089017098,12254.951886940831
2025-03-10,78536.4975,81042.55936464429,0.32886446,80700.3485,HOLD,3148.634105973404,0.0026591112819353037,0.11018200960823568,0.11284112089017098,12010.780514661516
2025-03-11,82896.255,78928.68341216505,0.29165703,78536.4975,BUY,2506.8518557348125,0.006530107928518384,0.11405300625481876,0.12058311418333714,12502.740437770846
2025-03-12,83639.118,83184.76009699881,0.22640909,82896.255,HOLD,2506.8518557348125,0.006530107928518384,0.11405300625481876,0.12058311418333714,12592.317171722421
2025-03-13,81080.965,84015.93536786055,0.2608585,83639.118,HOLD,2506.8518557348125,0.006530107928518384,0.11405300625481876,0.12058311418333714,12283.847116424975
2025-03-14,84034.8273,81446.07353432536,0.26744488,81080.965,BUY,1843.82638102189,0.010475052518848508,0.11799795084514889,0.1284730033639974,12640.03303142773
2025-03-15,84361.885,84354.14250941109,0.3272036,84034.8273,HOLD,1843.82638102189,0.010475052518848508,0.11799795084514889,0.1284730033639974,12682.05111642005
2025-03-16,82588.2,84712.34159166335,0.18691526,84361.885,SELL,2539.6485901474607,0.002049851229492753,0.11799795084514889,0.12004780207464164,12454.180477448379
2025-03-17,84003.7,82939.5288398981,0.26144713,82588.2,BUY,1873.7174190237774,0.006013552656475633,0.12196165227213177,0.1279752049286074,12624.108141285033
2025-03-18,82736.984,84419.14169166087,0.28261012,84003.7,HOLD,1873.7174190237774,0.006013552656475633,0.12196165227213177,0.1279752049286074,12461.999901598687
2025-03-19,86890.03,83122.53920076083,0.2695444,82736.984,BUY,1189.29843769627,0.009951973332170575,0.1259000729478267,0.13585204627999728,12993.486814526623
2025-03-20,84179.6595,87335.3868136549,0.3193808,86890.03,HOLD,1189.29843769627,0.009951973332170575,0.1259000729478267,0.13585204627999728,12625.277435924681
2025-03-21,84056.3,84517.28698764484,0.22923829,84179.6595,BUY,505.4904746964977,0.014019532593045562,0.1299676322087017,0.14398716480174725,12608.518795421607
2025-03-22,83831.5585,84388.89352560043,0.22911303,84056.3,LIQUIDATE BTC,1680.7697414130535,0.0,0.1299676322087017,0.1299676322087017,12576.158904023312
2025-03-23,86099.65,84228.07062055737,0.37163946,83831.5585,BUY,1053.0563354269466,0.0036452726926654577,0.13361290490136715,0.1372581775940326,12870.937385910996
2025-03-24,87478.1465,86540.87359206675,0.21659057,86099.65,HOLD,1053.0563354269466,0.0036452726926654577,0.13361290490136715,0.1372581775940326,13060.14730332075
2025-03-25,87458.635,87915.11968706388,0.2645303,87478.1465,BUY,361.4268802538519,0.00759931025095284,0.13756694245965453,0.14516625271060737,13057.469190388621
2025-03-26,86908.24,87908.47009370207,0.33575806,87458.635,LIQUIDATE BTC,1021.8695593781216,0.0,0.13756694245965453,0.13756694245965453,12977.570410727969
2025-03-27,87204.005,87345.18436812401,0.28358027,86908.24,BUY,342.48858086084306,0.00389535422436893,0.14146229668402346,0.1453576509083924,13018.25789746455
2025-03-28,84351.295,87551.4443195045,0.24643424,87204.005,LIQUIDATE BTC,671.0667541700828,0.035365574171005866,0.1060967225130176,0.14146229668402346,12603.594673141666
2025-03-29,82627.575,84716.99189471245,0.22251241,84351.295,SELL,3175.8833195018815,0.005051038553425431,0.1060967225130176,0.11114776106644303,12359.753283101483
2025-03-30,82347.6605,83057.98933629692,0.32070348,82627.575,BUY,2552.3697338322345,0.008836899511003256,0.10988258347059543,0.11871948298159868,12328.64141313645
2025-03-31,82548.05,82729.34977855027,0.2598528,82347.6605,HOLD,2552.3697338322345,0.008836899511003256,0.10988258347059543,0.11871948298159868,12352.431550971392
2025-04-01,85163.004,82868.16128264666,0.26294768,82548.05,BUY,1878.0503976595905,0.012795891705387592,0.11384157566497977,0.12663746737036735,12662.877537872055
2025-04-02,82486.5785,85546.39248150444,0.24888234,85163.004,HOLD,1878.0503976595905,0.012795891705387592,0.11384157566497977,0.12663746737036735,12323.941790946586
2025-04-03,83157.031,82900.74163646335,0.29076263,82486.5785,BUY,1233.8031710245905,0.01666957032815492,0.1177152542877471,0.134384824615902,12408.846197538718
